sequence,length,amphipathicity,net_charge_ph7.4,E.C,S.A,MRSA,B.S,A.B,K.P,P.A,C.A,C.P,C.T,molecular_weight,aromaticity,instability_index,isoelectric_point,gravy,helix_fraction,turn_fraction,sheet_fraction
KVGVFKKFFRKLKSLL,16,0.5,5.544899785997147,2,2,1,1.0,1.0,2.0,1,2,1.0,1,1938.4472999999998,0.1875,-21.243750000000002,11.38842067718506,0.1875,0.5,0.125,0.5
KHKKHKFFRKLKSLL,15,0.4444444444444444,6.615647075681956,1,1,1,1.0,1.0,1.0,1,2,1.0,2,1938.4110999999998,0.13333333333333333,29.586666666666662,11.433484077453613,-1.2066666666666663,0.6000000000000001,0.06666666666666667,0.33333333333333337
VKGVFKKFFGVKLKSLL,17,0.4982698961937716,4.5106228577657905,1,1,1,1.0,1.0,0.5,2,2,4.0,2,1938.4438999999998,0.17647058823529413,-17.8,10.602422142028807,0.664705882352941,0.47058823529411764,0.1764705882352941,0.5294117647058824
VKGVFKVVFFKSLKSLL,17,0.4844290657439446,3.513128450433076,2,8,2,8.0,2.0,2.0,4,8,2.0,2,1939.4285999999997,0.17647058823529413,-24.947058823529414,10.477675819396971,1.1176470588235294,0.4117647058823529,0.1764705882352941,0.5882352941176471
KVGVFKKFFGVLKKSLL,17,0.4982698961937716,4.5449249042305215,2,2,2,8.0,4.0,2.0,16,2,0.5,16,1938.4438999999998,0.17647058823529413,-14.411764705882353,10.602486610412598,0.6647058823529413,0.47058823529411764,0.1764705882352941,0.5294117647058824
KVGVFKKYMRKLKLSL,16,0.5,5.542394193329862,1,1,4,2.0,2.0,2.0,2,2,2.0,2,1938.4688999999998,0.125,-3.8,10.676109504699706,-0.12499999999999994,0.5625,0.125,0.4375
VKGVFKYLFRKLKSLL,16,0.4921875,4.510597739532417,2,2,2,8.0,2.0,2.0,2,2,2.0,2,1939.4319999999998,0.1875,-17.7375,10.582694816589353,0.41250000000000003,0.5,0.125,0.5625
KKYKVRVTFSKLKVTL,16,0.4921875,5.542394193329862,4,1,2,0.5,0.5,0.5,1,1,0.5,4,1938.4028000000003,0.125,-14.75,10.676109504699706,-0.28125000000000006,0.4375,0.0625,0.5625
KKPKFKKFFRKLKGKK,16,0.375,9.534877415328003,4,1,1,2.0,4.0,16.0,4,4,0.5,2,2036.5972000000006,0.1875,-25.956250000000004,11.5349573135376,-1.8374999999999995,0.625,0.125,0.25
KKPKFKKFFRLKKKGK,16,0.375,9.534877415328003,4,2,2,2.0,4.0,32.0,8,2,2.0,4,2036.5972000000006,0.1875,-20.650000000000006,11.5349573135376,-1.8374999999999995,0.625,0.125,0.25
KKPKFKKFFGVKLKKKG,17,0.4152249134948097,8.534902533561377,8,4,4,8.0,8.0,64.0,16,16,8.0,16,2036.5938000000006,0.17647058823529413,-20.541176470588237,10.903296089172361,-1.241176470588235,0.5882352941176471,0.1764705882352941,0.29411764705882354
KSVKKVLLLPAWKLKLSL,18,0.49382716049382713,4.5449249042305215,2,2,2,32.0,1.0,1.0,2,4,2.0,8,2064.642,0.05555555555555555,10.377777777777778,10.602486610412598,0.5222222222222221,0.6666666666666666,0.16666666666666666,0.5
KLLLFKLGFFRKLKKGK,17,0.4982698961937716,6.542394193329862,1,1,1,2.0,1.0,1.0,1,1,0.5,1,2064.646800000001,0.17647058823529413,-29.394117647058827,11.433484077453613,-0.07647058823529429,0.6470588235294118,0.11764705882352941,0.47058823529411764
KLLFALVKFFRKLKKGK,17,0.4982698961937716,6.542394193329862,2,2,1,1.0,1.0,2.0,8,2,1.0,2,2064.646800000001,0.17647058823529413,-17.252941176470593,11.433484077453613,0.07647058823529397,0.6470588235294118,0.058823529411764705,0.47058823529411764
KKSVTLKKFFRKLKKGK,17,0.4152249134948097,8.537383007995288,1,1,1,2.0,1.0,16.0,4,2,1.0,4,2064.6057000000005,0.11764705882352941,-20.552941176470593,11.50523738861084,-1.188235294117647,0.5882352941176471,0.11764705882352941,0.3529411764705882
